INSERT INTO Artista (ID_Artista, nombreArtista, apellidoArtista, seudonimo, genero) VALUES (1, 'Joseph', 'Miranda', 'reedscott', 'Jazz'), (2, 'Claire', 'Mann', 'ellenevans', 'Electronic'), (3, 'Gloria', 'Jones', 'lindagalle', 'Electronic'), (4, 'Tara', 'Adams', 'kmartin', 'HipHop'), (5, 'Jason', 'Nixon', 'robyn75', 'Rock'), (6, 'Ashley', 'Wyatt', 'hollandbri', 'Electronic'), (7, 'Shannon', 'Williams', 'powellwhit', 'Jazz'), (8, 'Cynthia', 'Walker', 'romeronich', 'Classical'), (9, 'Robert', 'Hansen', 'barnesbria', 'Electronic'), (10, 'Jeffrey', 'Collins', 'dianaprinc', 'Rock'), (11, 'Louis', 'Ramirez', 'margaret66', 'HipHop'), (12, 'Gina', 'Gardner', 'hboyd', 'Rock'), (13, 'Connie', 'White', 'avargas', 'HipHop'), (14, 'Crystal', 'Hill', 'zmann', 'Jazz'), (15, 'Gregory', 'Hart', 'ivanmiller', 'HipHop'), (16, 'Jason', 'Parker', 'gentrysara', 'Classical'), (17, 'Louis', 'Joyce', 'leslieshaw', 'Jazz'), (18, 'Ethan', 'Gamble', 'jimeneztro', 'Pop'), (19, 'Ross', 'Morris', 'bmorrison', 'Pop'), (20, 'Lauren', 'Cruz', 'ronaldnobl', 'HipHop'), (21, 'Duane', 'Gonzalez', 'lalvarado', 'Electronic'), (22, 'Jenny', 'Morales', 'hartjeffre', 'Jazz'), (23, 'Zachary', 'Miles', 'wpatel', 'HipHop'), (24, 'Chad', 'Jackson', 'ryan25', 'HipHop'), (25, 'Brent', 'Gibson', 'ashley59', 'Classical'), (26, 'Nicholas', 'Murray', 'lknight', 'Jazz'), (27, 'Rebecca', 'Cunningham', 'dwalsh', 'Jazz'), (28, 'Kaitlin', 'Jones', 'hollowayti', 'Electronic'), (29, 'Kathy', 'Kemp', 'stacy86', 'HipHop'), (30, 'Brendan', 'Smith', 'lorrainewh', 'Classical'), (31, 'Richard', 'Barrera', 'gainesbrit', 'Electronic'), (32, 'Candace', 'Smith', 'burchann', 'Electronic'), (33, 'Jeffrey', 'Golden', 'timothyand', 'Classical'), (34, 'Gabriel', 'Anderson', 'hsnyder', 'Electronic'), (35, 'Nicole', 'Brown', 'uhumphrey', 'Pop'), (36, 'Nancy', 'Miller', 'hailey41', 'Pop'), (37, 'Charles', 'Smith', 'melaniecha', 'Classical'), (38, 'Jennifer', 'Garcia', 'josephgord', 'Rock'), (39, 'Deanna', 'Jones', 'dguerra', 'Rock'), (40, 'Jessica', 'Wheeler', 'danarogers', 'Pop'), (41, 'Todd', 'Mooney', 'williamspe', 'Pop'), (42, 'Tim', 'Gilbert', 'knightdani', 'Rock'), (43, 'Justin', 'Hamilton', 'carolwells', 'Pop'), (44, 'Ralph', 'Allen', 'margaretpa', 'HipHop'), (45, 'Brandi', 'Foley', 'mscott', 'Jazz'), (46, 'Kyle', 'Hoffman', 'bestmark', 'Electronic'), (47, 'Dawn', 'Hester', 'josehernan', 'Rock'), (48, 'Ashley', 'Downs', 'xburnett', 'Jazz'), (49, 'Brian', 'Perkins', 'david00', 'Jazz'), (50, 'Henry', 'Jones', 'nedwards', 'HipHop'), (51, 'Michael', 'Hernandez', 'ymitchell', 'Jazz'), (52, 'Nancy', 'Patel', 'mullinsjas', 'Rock'), (53, 'Melissa', 'Lowe', 'kiara30', 'Pop'), (54, 'Sharon', 'Hanna', 'tina14', 'Rock'), (55, 'Jennifer', 'Garza', 'josephclar', 'Classical'), (56, 'Brian', 'Davis', 'garciasara', 'Classical'), (57, 'Candace', 'Martinez', 'gknight', 'Pop'), (58, 'Matthew', 'Ho', 'moorediane', 'Pop'), (59, 'Brenda', 'Lewis', 'martinezje', 'Jazz'), (60, 'Timothy', 'Hines', 'nicholasro', 'Pop'), (61, 'Michael', 'Warren', 'melissashe', 'Electronic'), (62, 'Michael', 'Delgado', 'hatfieldje', 'Electronic'), (63, 'Benjamin', 'Lester', 'andrew01', 'Electronic'), (64, 'Elizabeth', 'Taylor', 'lesliestew', 'Jazz'), (65, 'Gary', 'Lucas', 'martinezea', 'Electronic'), (66, 'Dakota', 'Caldwell', 'erikawilli', 'HipHop'), (67, 'Brenda', 'Chase', 'karenromer', 'Electronic'), (68, 'Tracey', 'Smith', 'dustinscot', 'Classical'), (69, 'Joshua', 'Chavez', 'caleb58', 'Electronic'), (70, 'Brian', 'Gutierrez', 'smithjosep', 'HipHop'), (71, 'Christophe', 'Miller', 'yhernandez', 'Rock'), (72, 'Christophe', 'Hood', 'bbrady', 'Electronic'), (73, 'James', 'Woods', 'hannah10', 'Classical'), (74, 'Michael', 'Gibson', 'campbeller', 'Rock'), (75, 'Jennifer', 'Robinson', 'thomas85', 'Jazz'), (76, 'Danielle', 'Pearson', 'kfranco', 'HipHop'), (77, 'William', 'Warner', 'swillis', 'Pop'), (78, 'Chelsea', 'Patel', 'pamelalope', 'Pop'), (79, 'Michael', 'Dixon', 'davisnicho', 'Electronic'), (80, 'Kathy', 'Foster', 'amandacunn', 'Pop'), (81, 'Tina', 'Burke', 'jacqueline', 'HipHop'), (82, 'Joann', 'Nielsen', 'ogonzales', 'HipHop'), (83, 'Samantha', 'Mcdonald', 'scottjohns', 'Electronic'), (84, 'Joshua', 'Garcia', 'patrickree', 'Jazz'), (85, 'Christophe', 'Dawson', 'jgraham', 'Jazz'), (86, 'Robert', 'Cohen', 'anthony63', 'Pop'), (87, 'Tony', 'Hall', 'umoore', 'Pop'), (88, 'Paul', 'Morales', 'kathryncam', 'Electronic'), (89, 'James', 'Brooks', 'jennifersa', 'Rock'), (90, 'Nicole', 'Dunn', 'greenethom', 'Pop'), (91, 'James', 'Vega', 'jgraves', 'Pop'), (92, 'Jennifer', 'Nelson', 'amy45', 'Jazz'), (93, 'Matthew', 'Wells', 'michaeljon', 'Jazz'), (94, 'Jessica', 'Dean', 'craigmicha', 'Pop'), (95, 'Aaron', 'Coleman', 'vdunn', 'Rock'), (96, 'Jeremiah', 'Medina', 'trujilloki', 'Rock'), (97, 'Mary', 'Brown', 'ryanmiller', 'Jazz'), (98, 'Michelle', 'Williams', 'lukemartin', 'HipHop'), (99, 'Virginia', 'Simon', 'ocarter', 'Pop'), (100, 'Richard', 'Castaneda', 'olivervict', 'Classical');
INSERT INTO Asiento (ID_Asiento, localIdeal, bloque, fila, numero, costo) VALUES (1, 'Balcony', 'A', 19, 50, 316.41), (2, 'VIP', 'A', 1, 9, 674.08), (3, 'Balcony', 'C', 20, 46, 751.54), (4, 'VIP', 'A', 5, 13, 373.84), (5, 'VIP', 'C', 2, 34, 259.23), (6, 'Balcony', 'C', 19, 4, 595.72), (7, 'General', 'D', 3, 8, 960.11), (8, 'Balcony', 'C', 5, 22, 722.68), (9, 'Balcony', 'B', 11, 18, 788.88), (10, 'VIP', 'D', 3, 31, 566.98), (11, 'Balcony', 'D', 13, 42, 573.71), (12, 'Balcony', 'D', 8, 6, 534.62), (13, 'Balcony', 'B', 3, 2, 502.15), (14, 'VIP', 'B', 16, 27, 798.52), (15, 'General', 'D', 19, 43, 227.59), (16, 'VIP', 'A', 6, 3, 959.14), (17, 'General', 'B', 20, 33, 201.97), (18, 'VIP', 'D', 11, 41, 640.26), (19, 'General', 'B', 13, 38, 717.9), (20, 'Balcony', 'A', 12, 18, 112.76), (21, 'General', 'D', 10, 15, 465.04), (22, 'General', 'B', 14, 47, 862.81), (23, 'General', 'A', 10, 31, 557.11), (24, 'Balcony', 'D', 2, 8, 459.19), (25, 'VIP', 'A', 14, 34, 979.91), (26, 'Balcony', 'D', 11, 35, 970.51), (27, 'VIP', 'A', 20, 32, 996.83), (28, 'General', 'D', 11, 42, 236.16), (29, 'General', 'D', 7, 25, 407.88), (30, 'General', 'A', 5, 35, 728.48), (31, 'VIP', 'C', 5, 5, 790.75), (32, 'General', 'B', 4, 27, 640.31), (33, 'VIP', 'B', 17, 37, 608.83), (34, 'General', 'A', 14, 1, 765.11), (35, 'General', 'D', 12, 40, 780.12), (36, 'VIP', 'D', 5, 17, 358.07), (37, 'Balcony', 'D', 19, 27, 217.78), (38, 'Balcony', 'A', 6, 33, 168.16), (39, 'Balcony', 'C', 4, 19, 683.52), (40, 'General', 'A', 11, 20, 234.91), (41, 'Balcony', 'C', 15, 47, 536.71), (42, 'General', 'B', 5, 16, 915.4), (43, 'Balcony', 'D', 14, 15, 494.89), (44, 'VIP', 'B', 6, 25, 346.15), (45, 'General', 'C', 9, 10, 273.8), (46, 'General', 'A', 13, 49, 395.35), (47, 'Balcony', 'C', 19, 45, 756.81), (48, 'General', 'C', 16, 16, 288.3), (49, 'VIP', 'C', 9, 41, 947.87), (50, 'Balcony', 'A', 3, 14, 818.23), (51, 'Balcony', 'C', 6, 22, 427.67), (52, 'Balcony', 'D', 10, 19, 508.96), (53, 'Balcony', 'B', 4, 39, 641.79), (54, 'VIP', 'A', 3, 4, 758.87), (55, 'Balcony', 'A', 7, 11, 420.19), (56, 'VIP', 'B', 2, 43, 304.05), (57, 'Balcony', 'B', 16, 12, 788.12), (58, 'VIP', 'A', 20, 48, 626.3), (59, 'VIP', 'D', 8, 47, 408.95), (60, 'General', 'C', 20, 27, 751.13), (61, 'General', 'C', 14, 48, 964.69), (62, 'VIP', 'A', 10, 8, 872.34), (63, 'VIP', 'D', 4, 28, 650.48), (64, 'General', 'B', 12, 7, 620.53), (65, 'Balcony', 'B', 6, 11, 875.06), (66, 'Balcony', 'A', 1, 47, 331.59), (67, 'General', 'A', 20, 18, 721.65), (68, 'Balcony', 'A', 1, 39, 853.16), (69, 'VIP', 'B', 15, 9, 858.97), (70, 'Balcony', 'A', 12, 22, 515.47), (71, 'General', 'C', 6, 39, 710.72), (72, 'VIP', 'C', 16, 17, 868.59), (73, 'General', 'D', 8, 10, 390.12), (74, 'Balcony', 'B', 18, 21, 633.26), (75, 'General', 'D', 6, 46, 804.76), (76, 'General', 'C', 17, 36, 396.8), (77, 'VIP', 'C', 19, 22, 755.94), (78, 'VIP', 'B', 16, 25, 164.03), (79, 'VIP', 'B', 13, 27, 764.02), (80, 'VIP', 'A', 5, 41, 907.27), (81, 'General', 'A', 3, 40, 568.6), (82, 'Balcony', 'C', 1, 30, 939.42), (83, 'General', 'A', 6, 42, 619.1), (84, 'General', 'A', 10, 45, 265.11), (85, 'Balcony', 'C', 12, 43, 713.43), (86, 'Balcony', 'D', 12, 36, 654.5), (87, 'General', 'B', 14, 39, 282.23), (88, 'VIP', 'C', 18, 41, 235.5), (89, 'VIP', 'D', 20, 34, 707.3), (90, 'General', 'D', 5, 3, 171.69), (91, 'VIP', 'D', 13, 35, 266.26), (92, 'General', 'B', 19, 46, 994.8), (93, 'Balcony', 'A', 10, 50, 314.69), (94, 'Balcony', 'B', 10, 38, 900.84), (95, 'Balcony', 'A', 19, 11, 258.78), (96, 'VIP', 'C', 5, 44, 547.57), (97, 'Balcony', 'B', 15, 33, 698.71), (98, 'VIP', 'D', 19, 49, 603.21), (99, 'General', 'B', 1, 19, 116.65), (100, 'Balcony', 'C', 9, 5, 993.89);
INSERT INTO Lugar (ID_Lugar, nombreLug, capacidad, direccion) VALUES (1, 'Murphy and', 1767, '8475 James'), (2, 'Mccormick,', 8699, '90053 Pate'), (3, 'Erickson, ', 702, '16080 Atki'), (4, 'Dunn Group', 5558, '284 Schaef'), (5, 'Brown-Pere', 7930, '498 Doming'), (6, 'Garcia-Wil', 6458, '19347 Chap'), (7, 'Stuart and', 4646, '2740 Alexa'), (8, 'Myers-Mose', 2687, '7431 David'), (9, 'Jones, Edw', 2133, '03767 Comb'), (10, 'Carroll Lt', 7246, '54162 Cour');
INSERT INTO Evento (ID_Evento, ID_Lugar, nombreGira, fecha, horaInicio, horaFin) VALUES (1, 3, 'Automated ', '2024-01-14', '00:49:19', '22:07:30'), (2, 7, 'Managed ra', '2024-08-21', '03:34:09', '15:35:42'), (3, 9, 'Re-enginee', '2023-09-26', '07:27:59', '15:22:33'), (4, 5, 'Multi-chan', '2024-07-18', '11:07:00', '23:07:24'), (5, 7, 'Exclusive ', '2023-12-29', '03:02:08', '12:28:18'), (6, 5, 'Self-enabl', '2025-03-20', '18:37:19', '17:54:15'), (7, 4, 'Distribute', '2025-01-18', '17:59:25', '22:37:22'), (8, 6, 'Ameliorate', '2024-02-22', '16:09:23', '09:42:21'), (9, 9, 'Intuitive ', '2023-07-13', '03:16:41', '18:13:01'), (10, 3, 'Organic hu', '2025-05-31', '18:28:14', '07:11:40'), (11, 9, 'Customizab', '2025-01-05', '13:23:31', '18:10:23'), (12, 7, 'User-centr', '2025-01-09', '08:49:56', '10:22:00'), (13, 4, 'Decentrali', '2025-03-22', '02:42:04', '19:29:46'), (14, 10, 'Future-pro', '2023-10-26', '16:16:27', '20:50:57'), (15, 2, 'Cloned wel', '2025-06-18', '15:13:55', '09:58:45'), (16, 10, 'Grass-root', '2024-02-21', '01:56:23', '00:10:07'), (17, 10, 'Progressiv', '2025-03-25', '16:46:40', '10:49:33'), (18, 2, 'Object-bas', '2024-03-04', '08:56:41', '11:51:58'), (19, 1, 'Monitored ', '2024-03-12', '05:30:34', '23:48:02'), (20, 4, 'Assimilate', '2024-09-15', '03:53:03', '05:16:39'), (21, 6, 'Digitized ', '2023-08-21', '17:21:22', '09:15:05'), (22, 4, 'Innovative', '2025-05-06', '06:25:09', '09:02:48'), (23, 7, 'Expanded z', '2024-10-28', '11:56:49', '19:43:35'), (24, 2, 'Progressiv', '2025-05-01', '10:30:47', '01:41:26'), (25, 4, 'Synergized', '2023-11-20', '10:28:50', '19:00:30'), (26, 1, 'Networked ', '2024-02-13', '02:13:04', '15:34:42'), (27, 5, 'Persistent', '2024-09-01', '13:29:00', '21:04:05'), (28, 9, 'Open-archi', '2023-10-28', '19:51:34', '17:51:11'), (29, 3, 'Enhanced c', '2025-03-13', '00:17:12', '09:02:23'), (30, 10, 'User-frien', '2024-07-08', '01:11:03', '22:29:35'), (31, 4, 'Expanded d', '2024-09-04', '16:06:18', '08:54:11'), (32, 1, 'Fully-conf', '2024-06-29', '12:08:10', '05:06:13'), (33, 7, 'Assimilate', '2024-10-24', '09:13:00', '02:33:49'), (34, 7, 'Operative ', '2024-04-21', '20:27:42', '22:59:43'), (35, 8, 'Up-sized h', '2024-03-08', '23:19:33', '00:35:42'), (36, 6, 'Fundamenta', '2024-08-08', '11:00:02', '10:56:44'), (37, 1, 'Public-key', '2024-02-24', '19:07:44', '10:27:03'), (38, 9, 'Cross-grou', '2024-07-09', '06:35:41', '02:55:00'), (39, 10, 'Switchable', '2024-02-10', '17:55:18', '10:44:01'), (40, 3, 'Inverse mo', '2025-06-19', '14:02:28', '09:18:24'), (41, 3, 'Quality-fo', '2024-12-20', '10:06:05', '21:40:25'), (42, 7, 'Managed re', '2023-10-07', '15:40:01', '23:13:12'), (43, 9, 'Robust bac', '2025-06-08', '15:49:27', '07:32:01'), (44, 2, 'Cloned nee', '2024-09-03', '22:01:26', '08:27:49'), (45, 9, 'Organic sy', '2024-04-07', '04:37:16', '15:38:13'), (46, 9, 'Sharable a', '2024-06-29', '14:11:09', '19:27:11'), (47, 4, 'Object-bas', '2023-10-15', '00:23:10', '23:44:07'), (48, 8, 'Integrated', '2024-02-26', '14:05:49', '12:35:50'), (49, 8, 'Optional c', '2024-01-24', '19:39:35', '12:54:12'), (50, 6, 'Stand-alon', '2025-01-12', '07:28:50', '17:15:12');
INSERT INTO ArtistaXEvento (ID_Artista, ID_Evento) VALUES (89, 34), (20, 15), (25, 35), (87, 32), (85, 6), (60, 46), (97, 9), (12, 33), (76, 3), (5, 13), (96, 13), (55, 5), (9, 44), (81, 6), (81, 15), (8, 22), (66, 5), (72, 36), (40, 43), (100, 49), (77, 35), (88, 8), (33, 33), (5, 5), (49, 25), (22, 39), (26, 20), (57, 38), (83, 19), (23, 40), (60, 31), (30, 50), (60, 30), (76, 18), (68, 30), (25, 4), (7, 11), (66, 33), (87, 30), (76, 11), (14, 23), (83, 5), (86, 7), (98, 11), (52, 25), (92, 16), (52, 38), (12, 7), (81, 44), (6, 35), (80, 21), (87, 46), (38, 5), (82, 4), (74, 37), (22, 43), (3, 14), (91, 39), (83, 18), (18, 9), (25, 14), (40, 4), (72, 28), (56, 15), (39, 44), (85, 4), (56, 17), (89, 36), (93, 23), (51, 32), (44, 21), (22, 14), (53, 44), (83, 4), (98, 15), (91, 5), (6, 40), (88, 16), (17, 19), (83, 41), (7, 47), (37, 27), (66, 36), (75, 17), (45, 19), (43, 7), (98, 38), (11, 47), (95, 15), (60, 6), (31, 26), (69, 38), (64, 46), (45, 3), (82, 39), (29, 49), (15, 14), (22, 17), (70, 19), (45, 21), (40, 27), (11, 43), (98, 43), (45, 43), (33, 5), (50, 34), (24, 20), (96, 40), (71, 30), (97, 4), (57, 28), (84, 25), (60, 44), (46, 49), (83, 37), (61, 30), (100, 30), (44, 9), (55, 36), (68, 32), (9, 43), (21, 31), (4, 17), (39, 20), (29, 34), (48, 5), (33, 40), (16, 16), (64, 1), (78, 40), (66, 48), (9, 9), (90, 50), (41, 20), (61, 24), (29, 17), (1, 7), (48, 47), (63, 10), (27, 18), (38, 3), (86, 20), (56, 41), (19, 42), (85, 47), (46, 17), (54, 23), (27, 43), (23, 1), (40, 7), (96, 37), (91, 38), (65, 6), (91, 44), (56, 39), (47, 19), (98, 19), (86, 3), (25, 11), (9, 17), (66, 42), (41, 43), (25, 7), (74, 42), (29, 24), (41, 49), (68, 1), (37, 44), (47, 43), (56, 26), (18, 20), (39, 16), (56, 45), (66, 37), (98, 50), (100, 7), (42, 7), (88, 50), (70, 39), (54, 31), (96, 17), (19, 29), (76, 36), (29, 8), (1, 29), (37, 37), (81, 19), (70, 15), (16, 28), (44, 42), (22, 4), (31, 40), (54, 44), (64, 33), (76, 13), (81, 3), (21, 2), (49, 6), (3, 9), (71, 28);
INSERT INTO AsientoXEvento (ID_Asiento, ID_Evento) VALUES (92, 47), (54, 10), (30, 30), (72, 43), (53, 41), (8, 38), (89, 1), (4, 30), (11, 23), (81, 2), (3, 29), (73, 20), (74, 38), (37, 39), (74, 3), (47, 14), (54, 2), (4, 33), (72, 41), (87, 1), (55, 16), (95, 13), (78, 45), (54, 31), (19, 26), (82, 36), (86, 46), (33, 22), (58, 4), (60, 35), (70, 23), (11, 27), (64, 11), (98, 2), (90, 28), (75, 19), (20, 9), (61, 19), (38, 8), (56, 43), (68, 36), (94, 15), (84, 28), (97, 34), (67, 10), (71, 7), (63, 23), (92, 29), (41, 27), (57, 43), (12, 45), (61, 40), (1, 17), (38, 45), (83, 33), (77, 18), (27, 2), (97, 30), (64, 34), (12, 47), (64, 38), (69, 46), (27, 27), (54, 35), (10, 18), (10, 5), (4, 8), (13, 23), (98, 46), (43, 32), (24, 36), (75, 7), (19, 15), (20, 14), (48, 46), (51, 50), (51, 31), (97, 38), (10, 13), (75, 15), (46, 26), (26, 29), (71, 17), (90, 8), (42, 27), (78, 27), (31, 34), (92, 22), (98, 44), (77, 11), (16, 47), (49, 12), (20, 16), (40, 33), (15, 6), (34, 33), (83, 36), (41, 16), (44, 37), (31, 15), (47, 19), (94, 25), (54, 18), (84, 3), (57, 31), (34, 35), (51, 24), (85, 32), (74, 6), (7, 38), (39, 47), (38, 18), (14, 22), (26, 19), (99, 37), (51, 10), (82, 28), (70, 29), (21, 16), (31, 13), (94, 9), (92, 39), (47, 40), (33, 45), (31, 3), (63, 19), (85, 30), (92, 45), (94, 38), (96, 35), (38, 41), (36, 5), (30, 35), (44, 23), (3, 27), (100, 28), (81, 14), (53, 2), (50, 5), (66, 19), (60, 17), (36, 50), (81, 30), (10, 14), (79, 27), (31, 7), (74, 7), (84, 48), (12, 42), (53, 25), (55, 3), (86, 41), (55, 25), (88, 44), (83, 50), (60, 29), (70, 42), (28, 34), (5, 35), (93, 8), (68, 7), (56, 46), (86, 47), (96, 8), (65, 29), (67, 33), (45, 1), (29, 1), (7, 6), (4, 1), (29, 23), (94, 19), (47, 31), (97, 29), (100, 7), (17, 11), (53, 28), (82, 29), (96, 11), (54, 1), (6, 43), (36, 22), (33, 11), (76, 31), (23, 12), (61, 41), (97, 36), (45, 23), (56, 16), (72, 1), (24, 15), (11, 22), (38, 29), (13, 48), (45, 26), (34, 16), (96, 26), (44, 19), (68, 33), (52, 20);
INSERT INTO Ticket (ID_Ticket, ID_Evento, codigoTic) VALUES (1, 22, 'c9233b29-9'), (2, 14, 'b02b1cac-3'), (3, 46, '6693f483-b'), (4, 9, '90f390b6-d'), (5, 28, '4304366d-6'), (6, 42, 'c9cdabf1-3'), (7, 20, '6da42c81-4'), (8, 13, '45a6972a-7'), (9, 17, 'b18dbcb6-3'), (10, 7, '0ce8d243-6'), (11, 48, '02fa4591-d'), (12, 35, 'a50e125e-f'), (13, 12, 'bb53775c-f'), (14, 12, 'fccd08af-c'), (15, 1, '4d51e63d-9'), (16, 48, 'fc19f303-7'), (17, 11, 'fd3a3f88-4'), (18, 18, '40d59e39-0'), (19, 12, '5079cec3-b'), (20, 11, 'c668a7bc-0'), (21, 19, 'a9ed2d30-4'), (22, 23, 'a7e1dd95-d'), (23, 27, 'd39037e4-f'), (24, 23, '80915558-a'), (25, 47, '78ce502c-8'), (26, 37, '53196b45-0'), (27, 39, 'b7c39165-b'), (28, 37, 'f12d4bfb-7'), (29, 8, '4ddb4cfd-2'), (30, 36, 'd89111ac-e'), (31, 1, '9015f0e7-5'), (32, 4, '4231975c-3'), (33, 47, 'dc32aa1e-d'), (34, 18, '048788b8-f'), (35, 16, '6ff7557f-5'), (36, 43, 'faa0d1c7-a'), (37, 40, '55b23a6e-b'), (38, 13, 'c85f344e-d'), (39, 7, 'c1bdd21b-d'), (40, 33, '2afd146f-8'), (41, 1, 'fb228ab7-e'), (42, 5, 'e5590370-5'), (43, 21, '382e382a-b'), (44, 48, 'c42c3086-e'), (45, 35, 'b8557521-6'), (46, 17, '7a00e40b-c'), (47, 17, '80882324-f'), (48, 1, 'e3568373-1'), (49, 35, '4f4063aa-f'), (50, 11, '1516ed7e-9'), (51, 30, '97b154cc-d'), (52, 19, 'c62fca18-7'), (53, 24, '0f31687f-2'), (54, 47, '550ade6f-c'), (55, 10, '0e273900-9'), (56, 48, 'f87819f8-c'), (57, 9, '3dcf8371-9'), (58, 5, '64f0c351-e'), (59, 32, '709c414b-9'), (60, 32, '60a0dd54-8'), (61, 18, 'fd67b6c5-f'), (62, 27, 'dbb3ee79-2'), (63, 45, '903b3bec-8'), (64, 41, '39a5abdc-c'), (65, 30, '3569a6f6-7'), (66, 31, '027fa85a-0'), (67, 21, '717f0116-9'), (68, 43, 'a3e0ac69-d'), (69, 9, '786b9ccb-8'), (70, 4, '660d45bb-b'), (71, 49, 'c2d4a274-8'), (72, 37, '7d62de00-9'), (73, 33, '0af39633-f'), (74, 5, 'abecd2bb-1'), (75, 33, '07dfae23-2'), (76, 5, '8c5c4120-c'), (77, 43, 'f088dbd6-9'), (78, 21, 'ecfd878f-7'), (79, 20, '16262fd6-9'), (80, 49, 'a763ff14-7'), (81, 22, 'f04f1e2a-d'), (82, 7, '6f904ce5-9'), (83, 6, '52f92d51-5'), (84, 37, '7f4b684a-6'), (85, 31, 'ba15fc2c-1'), (86, 38, '05f98487-0'), (87, 38, '02608b6b-c'), (88, 20, 'd238ab50-1'), (89, 47, '04d51345-5'), (90, 12, '8675525c-2'), (91, 32, '36e2b339-3'), (92, 41, '800c8fbf-e'), (93, 46, '4274b522-4'), (94, 32, 'a2b770ed-1'), (95, 19, '2499920b-b'), (96, 37, '3f8a0d8f-8'), (97, 24, '126de47e-1'), (98, 45, '46a85f37-8'), (99, 19, '43d20810-8'), (100, 34, 'afaba2d3-a'), (101, 24, 'dddbb92d-f'), (102, 43, '3afe44dc-9'), (103, 42, 'ace58963-e'), (104, 33, '712548b9-e'), (105, 40, 'de19c329-6'), (106, 23, '0d5f8f3c-d'), (107, 16, '0d6abafd-4'), (108, 16, '84950197-8'), (109, 34, '23c0a304-b'), (110, 33, '6846260b-c'), (111, 2, '8184a4c7-1'), (112, 18, 'b22a2be2-e'), (113, 47, '8c5e81db-2'), (114, 48, '84c6882c-3'), (115, 42, '07063610-0'), (116, 38, 'a60e3fb1-e'), (117, 18, 'b5a41a77-7'), (118, 17, '87f89318-0'), (119, 11, '544cf098-7'), (120, 15, 'b90405ae-d'), (121, 29, '2ea2cb69-5'), (122, 1, '311a31d6-d'), (123, 40, 'de8932c7-e'), (124, 47, '2480c234-5'), (125, 10, 'a70a743c-1'), (126, 13, 'a478d4d3-6'), (127, 43, '81ea0591-a'), (128, 21, '9fd92863-d'), (129, 38, '89987245-6'), (130, 50, '9c48857f-2'), (131, 27, '37009bae-4'), (132, 3, 'b4d841d4-e'), (133, 32, '3ffeac8e-c'), (134, 8, 'b1026448-e'), (135, 15, '9710dd1a-c'), (136, 30, '0abf574a-c'), (137, 13, '75ad58ab-9'), (138, 15, '81f15972-4'), (139, 13, '171342ab-8'), (140, 18, '6398346c-f'), (141, 23, '8d50c3ef-1'), (142, 1, '3ca46af3-5'), (143, 9, '25294b06-9'), (144, 34, '9026f7b1-d'), (145, 16, '0311c3cc-6'), (146, 27, '5a356917-d'), (147, 6, 'deba1161-a'), (148, 36, 'a1216f5b-f'), (149, 16, '6ab92e9b-d'), (150, 27, 'c8051703-c'), (151, 32, '90b1d7fe-9'), (152, 31, '854a2fff-4'), (153, 17, '8120a42e-5'), (154, 27, 'd0fa8704-7'), (155, 50, 'b2aca997-5'), (156, 29, 'a4360adf-3'), (157, 45, '6b1f5a06-2'), (158, 23, '263b77c2-2'), (159, 40, '33c6d647-7'), (160, 16, '24705135-a'), (161, 8, '33052abc-7'), (162, 39, '0eb019c8-2'), (163, 16, '3c77c06d-7'), (164, 18, '57385f2a-d'), (165, 8, '993c9645-4'), (166, 38, 'b5f76488-0'), (167, 31, '0d192244-4'), (168, 2, '5ae68d8d-f'), (169, 32, 'ea084b63-6'), (170, 31, '36e19a8d-d'), (171, 38, '893295c6-4'), (172, 15, '606fabaf-2'), (173, 20, '1cc67e07-3'), (174, 14, '26162c1e-8'), (175, 36, '61fdd123-7'), (176, 47, '6cf45a0d-5'), (177, 1, '3afa594b-1'), (178, 36, '1dbfb7c7-f'), (179, 40, '17adf3b2-b'), (180, 44, '1a51e000-e'), (181, 42, '8b255ed1-6'), (182, 10, 'd47330d7-5'), (183, 37, '16b62102-b'), (184, 9, '6c00eb17-e'), (185, 4, '75f03563-8'), (186, 10, '753f080a-e'), (187, 22, '4a187021-a'), (188, 34, 'c7dc4bdd-9'), (189, 21, '488aa50e-0'), (190, 11, '2e371315-7'), (191, 33, '5efb7aab-e'), (192, 47, 'b51c1454-5'), (193, 38, '20dcb872-f'), (194, 25, '0f5417f6-4'), (195, 20, 'a546245a-7'), (196, 37, 'fc4689b8-b'), (197, 1, 'da11afc0-a'), (198, 29, 'c061910f-6'), (199, 6, 'f33bdbed-d'), (200, 3, '282b9714-b'), (201, 10, 'bba16057-6'), (202, 37, 'f0e08b23-4'), (203, 44, '20ce7195-b'), (204, 46, '6fb50512-f'), (205, 25, '76b58c1f-f'), (206, 14, 'e34406c7-f'), (207, 30, 'c6fce342-3'), (208, 12, '2c175a76-2'), (209, 48, 'e9b544b7-9'), (210, 49, '37d81ea4-9'), (211, 19, '299d99c5-7'), (212, 49, '8b4ef499-a'), (213, 44, 'ff6b8f69-a'), (214, 48, '6fa64a5e-2'), (215, 28, '7c639918-d'), (216, 29, 'e047ec6b-3'), (217, 14, 'f6951d24-c'), (218, 30, '08dfe421-2'), (219, 11, 'b49d836f-3'), (220, 16, 'e029d23d-5'), (221, 35, '48bf0628-5'), (222, 47, '30955141-5'), (223, 27, 'bc442166-0'), (224, 6, 'e7dcce54-a'), (225, 42, '92a02227-1'), (226, 22, '6630f06c-3'), (227, 40, '6847f31a-6'), (228, 24, '7df3aaf9-a'), (229, 2, '5711fb49-d'), (230, 37, 'f46d78da-8'), (231, 21, '00a8ad7b-b'), (232, 39, '526b2507-e'), (233, 32, '1025fb06-8'), (234, 49, '1f7f764d-3'), (235, 6, 'efb6f335-9'), (236, 29, 'e60442c0-5'), (237, 3, '1f258f7d-f'), (238, 38, '981fcf70-3'), (239, 47, 'f1f76e1c-d'), (240, 48, 'b88f8dcb-9'), (241, 29, '2f02b3cb-b'), (242, 5, 'ad4c1eb0-2'), (243, 4, '1732fc2e-9'), (244, 13, 'b06d838d-d'), (245, 41, '86f8b530-6'), (246, 50, 'bdedd8dd-0'), (247, 26, '02712aef-b'), (248, 18, 'e1649ea7-6'), (249, 48, 'd449d300-c'), (250, 32, 'b698a385-9'), (251, 47, 'e6757203-b'), (252, 10, '7d28616e-c'), (253, 38, 'b260f861-5'), (254, 28, 'c42d4804-c'), (255, 21, 'c276f0a0-9'), (256, 43, '358d4f12-c'), (257, 12, '66578901-e'), (258, 13, '53a3d2a3-5'), (259, 37, '0278bcbb-4'), (260, 22, '3f9c38e9-6'), (261, 41, 'a2cd64f5-c'), (262, 27, '66f2d7ce-9'), (263, 47, 'a5e0029c-c'), (264, 39, '05a4041a-2'), (265, 27, 'd512ff6b-a'), (266, 43, '2d8f44bc-c'), (267, 5, '71bb5a32-9'), (268, 18, '32872328-d'), (269, 49, '8487e2b4-c'), (270, 21, 'f612f839-7'), (271, 10, 'ab29daf6-d'), (272, 50, '0cc7cba2-e'), (273, 4, '50adab0d-d'), (274, 3, 'a6e471cc-b'), (275, 14, 'ef1f7501-2'), (276, 48, 'b97087b1-a'), (277, 32, 'f23b7107-f'), (278, 46, '1d650077-6'), (279, 42, '3c16485d-0'), (280, 41, 'db611f2e-a'), (281, 13, 'a917717d-9'), (282, 37, '99e865e2-f'), (283, 4, 'd2dfe1d9-f'), (284, 28, 'aeb18c89-c'), (285, 14, 'd9d7984a-9'), (286, 13, 'ce0ae01a-8'), (287, 30, '7dcfa440-2'), (288, 22, '2b7b7793-3'), (289, 40, '5d8bbe29-3'), (290, 19, 'a1234e01-6'), (291, 35, '4516650b-5'), (292, 27, '45595235-8'), (293, 24, '9a1b117b-c'), (294, 48, 'a44a7672-b'), (295, 4, '5cdef17a-5'), (296, 34, '568a21ce-9'), (297, 2, '43dc7add-5'), (298, 23, 'd3eeb359-2'), (299, 31, '1c1e7918-6'), (300, 34, 'fd61ac06-4');
INSERT INTO MetodoPago (ID_MetodoPago, metodoPag) VALUES (1, 'VISA 13 di'), (2, 'Diners Clu'), (3, 'Maestro'), (4, 'VISA 13 di'), (5, 'Discover');
INSERT INTO Usuario (ID_Usuario, nombre, apellido, email, celular, telefono, fechaNac) VALUES (1, 'Michelle', 'Peterson', 'amy87@example.org', '(865)805-7', '+1-873-233', '1963-02-27'), (2, 'Joseph', 'Burns', 'barbarajohnson@example.or', '(855)849-5', '+1-200-786', '1989-03-09'), (3, 'Mark', 'James', 'rtate@example.org', '+1-767-619', '+1-570-488', '2005-01-13'), (4, 'Melissa', 'Sanchez', 'troy60@example.com', '001-710-93', '(339)683-9', '1966-01-15'), (5, 'Linda', 'King', 'heathholly@example.org', '001-951-55', '546-838-10', '1981-08-05'), (6, 'Robert', 'Jordan', 'youngjennifer@example.com', '(654)508-0', '+1-680-398', '1980-11-20'), (7, 'Omar', 'Bauer', 'kimberly97@example.org', '968-776-89', '370-968-32', '1993-07-18'), (8, 'Julie', 'Adams', 'chasegeorge@example.org', '(680)661-0', '915.477.94', '1950-11-11'), (9, 'Michael', 'Fitzgerald', 'scottrobinson@example.org', '+1-327-543', '332.361.18', '1954-09-23'), (10, 'Lauren', 'Wells', 'kimberly23@example.net', '924-742-97', '8114533674', '1950-08-26'), (11, 'Richard', 'Morales', 'jonathanwarner@example.ne', '4256951019', '+1-609-232', '1967-11-26'), (12, 'Lisa', 'Davis', 'heather12@example.com', '640-511-10', '318-729-44', '2004-09-23'), (13, 'Lori', 'Hoffman', 'hutchinsonkenneth@example', '681.224.67', '001-828-42', '1960-06-06'), (14, 'Christina', 'Gonzales', 'perrycarol@example.com', '+1-675-590', '001-895-61', '1992-07-09'), (15, 'Christophe', 'Hernandez', 'zwhite@example.com', '893-708-94', '001-475-21', '1968-01-05'), (16, 'Tracey', 'Vang', 'jasmine83@example.org', '+1-200-866', '377-698-93', '1973-10-03'), (17, 'Timothy', 'Gonzales', 'aaron92@example.net', '247-577-31', '383-559-69', '1996-12-01'), (18, 'Anthony', 'Munoz', 'icook@example.com', '(272)645-0', '228.317.55', '1997-07-27'), (19, 'Brian', 'Perez', 'keithbradley@example.org', '+1-357-729', '(323)381-5', '1985-04-19'), (20, 'Juan', 'Rodriguez', 'ogarcia@example.com', '6737150187', '+1-337-246', '1957-06-18'), (21, 'Richard', 'Powell', 'sarah99@example.com', '216.734.10', '(489)250-1', '1964-10-30'), (22, 'Ryan', 'Schultz', 'mreyes@example.net', '001-639-73', '252.956.88', '1987-05-09'), (23, 'Zachary', 'Harper', 'justin68@example.org', '(937)776-7', '900-278-99', '1964-05-13'), (24, 'Amy', 'Jones', 'penasamantha@example.org', '(509)389-8', '+1-446-317', '1977-04-22'), (25, 'Christophe', 'Edwards', 'sblack@example.org', '(389)777-8', '619-268-30', '1998-07-07'), (26, 'Jennifer', 'Murphy', 'nelsonapril@example.com', '210.279.19', '649.440.42', '1998-12-20'), (27, 'Erin', 'Barron', 'irhodes@example.org', '547-394-57', '652-945-18', '1981-05-08'), (28, 'John', 'Robinson', 'tracy68@example.com', '565.737.16', '+1-954-202', '1962-11-20'), (29, 'Thomas', 'Lewis', 'gregg29@example.net', '(527)795-3', '(216)579-9', '1983-10-20'), (30, 'Margaret', 'Navarro', 'emanning@example.net', '824.791.00', '885.836.14', '1987-05-24'), (31, 'Michael', 'Russell', 'padillaveronica@example.o', '+1-745-519', '5475078807', '1998-06-22'), (32, 'Tammy', 'Lee', 'benjamin37@example.net', '5397012079', '(930)895-7', '1961-01-18'), (33, 'Amy', 'Hernandez', 'cassandra11@example.net', '5053982858', '854-835-36', '1953-06-20'), (34, 'Rebecca', 'Edwards', 'oowens@example.com', '(730)204-9', '2403588078', '1987-07-26'), (35, 'Rita', 'Montes', 'jasongomez@example.net', '+1-806-937', '614.426.50', '1959-01-11'), (36, 'Melissa', 'Reyes', 'rbuchanan@example.org', '682-782-24', '344.970.99', '1996-01-27'), (37, 'Lucas', 'Rogers', 'stonejames@example.com', '(438)972-4', '+1-797-432', '1945-02-26'), (38, 'Stephanie', 'Kemp', 'kmcfarland@example.com', '(543)276-8', '(897)233-2', '1970-09-02'), (39, 'David', 'Ramirez', 'janetbrowning@example.com', '4268286907', '413.598.71', '1957-10-19'), (40, 'Lori', 'Adams', 'chad03@example.net', '704-520-90', '752.532.05', '1964-08-12'), (41, 'Brett', 'Yang', 'lynnbeltran@example.com', '(922)802-7', '+1-921-614', '1946-11-03'), (42, 'Elizabeth', 'Tucker', 'sdiaz@example.com', '+1-971-697', '+1-955-367', '1957-06-01'), (43, 'Daryl', 'Carter', 'michellebartlett@example.', '603.366.84', '001-697-26', '2002-11-06'), (44, 'Cynthia', 'Mcguire', 'tarahenry@example.org', '(835)560-8', '4459397527', '1958-05-03'), (45, 'Krystal', 'Owens', 'elijah18@example.org', '668-750-94', '001-756-81', '2005-01-20'), (46, 'Shawn', 'Griffin', 'amanda19@example.com', '+1-642-938', '001-829-61', '1948-02-05'), (47, 'Kelly', 'Johnson', 'ianhall@example.net', '396.369.85', '(959)926-3', '1993-12-15'), (48, 'Kayla', 'Dunn', 'williamsmelissa@example.o', '645.495.42', '(514)412-4', '2005-03-29'), (49, 'James', 'Williams', 'andreaporter@example.net', '716.862.90', '657.700.47', '1978-08-05'), (50, 'Keith', 'Patterson', 'stevenwood@example.net', '578-212-56', '(804)675-1', '1987-01-30'), (51, 'Bradley', 'Howard', 'kristie49@example.org', '773-654-40', '+1-289-580', '1966-09-10'), (52, 'Richard', 'Garcia', 'matthewacosta@example.net', '464-405-18', '353.227.52', '1992-01-04'), (53, 'Tiffany', 'Garcia', 'sanchezkimberly@example.c', '262-249-57', '+1-622-703', '1974-10-14'), (54, 'Zachary', 'Garrett', 'amandasmith@example.org', '+1-545-443', '794.395.42', '2001-01-23'), (55, 'Charles', 'Mccoy', 'linda53@example.org', '565-273-71', '(654)528-0', '1976-09-27'), (56, 'Ashley', 'Rogers', 'xhernandez@example.com', '+1-258-419', '954.829.40', '1958-08-25'), (57, 'Michelle', 'Wood', 'crystalwilson@example.org', '591.699.12', '236-833-90', '1972-07-08'), (58, 'Wendy', 'Garcia', 'anthony44@example.com', '662-288-83', '505.924.24', '1981-01-03'), (59, 'Catherine', 'Dixon', 'bowmanlisa@example.org', '+1-867-762', '(865)231-8', '1955-02-13'), (60, 'Dawn', 'Cabrera', 'zachary69@example.net', '619.652.70', '438.212.70', '1996-02-07'), (61, 'Emily', 'Brown', 'veganicholas@example.org', '339.673.22', '(673)425-4', '2004-05-03'), (62, 'Jennifer', 'Shepherd', 'imills@example.com', '547-959-29', '+1-537-275', '2001-06-21'), (63, 'Selena', 'Webb', 'lopezhailey@example.com', '+1-766-401', '672-663-08', '1997-12-14'), (64, 'Tina', 'Farrell', 'susanfrank@example.net', '5192340178', '+1-523-442', '1988-11-22'), (65, 'Michelle', 'Schneider', 'billyperez@example.com', '001-237-36', '448.300.49', '1945-10-26'), (66, 'Beth', 'James', 'cbauer@example.com', '(570)762-9', '(327)326-0', '1970-04-17'), (67, 'Allison', 'Rich', 'whitesamantha@example.net', '261-200-25', '408.342.79', '2002-11-11'), (68, 'James', 'Bauer', 'debramacias@example.org', '+1-383-775', '935.220.36', '1982-04-19'), (69, 'Tiffany', 'Cross', 'davidwolf@example.com', '(387)967-2', '(552)771-8', '1946-04-19'), (70, 'Kelly', 'Reilly', 'diana41@example.org', '(878)317-4', '868.262.34', '1945-07-24'), (71, 'Rachel', 'Norris', 'charles77@example.net', '5479978284', '+1-500-469', '1995-11-22'), (72, 'Heidi', 'Sampson', 'garciamike@example.net', '001-482-96', '861-374-09', '1972-06-28'), (73, 'April', 'Washington', 'bautistaantonio@example.c', '+1-284-461', '842.276.04', '1985-04-15'), (74, 'Rachel', 'Gutierrez', 'kclark@example.org', '(382)441-4', '613.389.18', '1991-10-27'), (75, 'Bonnie', 'Melendez', 'emilystevens@example.net', '(631)869-6', '(872)677-4', '1991-03-12'), (76, 'Jacob', 'Garcia', 'estesamy@example.org', '893.506.09', '+1-278-973', '1992-11-08'), (77, 'Clinton', 'Burch', 'williamsrobert@example.or', '(569)345-1', '594.880.15', '1963-12-08'), (78, 'Crystal', 'Stewart', 'rebeccacastro@example.com', '252.801.02', '(805)209-2', '2003-02-02'), (79, 'Madison', 'Frazier', 'hayespaige@example.com', '+1-613-207', '6482427992', '1959-03-24'), (80, 'Danielle', 'Jones', 'rebecca22@example.net', '822.567.17', '+1-351-624', '1959-08-06'), (81, 'Pamela', 'Gutierrez', 'kphillips@example.com', '338-342-71', '+1-701-864', '1949-08-08'), (82, 'Kathryn', 'Hughes', 'garciakevin@example.org', '(276)469-4', '+1-755-640', '1991-01-07'), (83, 'Donald', 'Phillips', 'gdixon@example.org', '952-941-79', '+1-572-601', '1958-06-09'), (84, 'Mario', 'Gonzalez', 'lesterpatricia@example.co', '604-578-16', '698-606-48', '1976-11-05'), (85, 'Nina', 'Johnson', 'kimeric@example.org', '(434)963-8', '770-638-72', '1985-11-11'), (86, 'Christina', 'Stevens', 'kirstencarroll@example.or', '+1-366-498', '6713784728', '1965-07-12'), (87, 'Cole', 'Martin', 'robert46@example.net', '+1-786-826', '+1-496-574', '1968-10-13'), (88, 'Jenna', 'Gonzales', 'orandall@example.com', '586-347-58', '(892)954-9', '1975-05-17'), (89, 'Edward', 'Dougherty', 'millerebony@example.net', '001-872-37', '+1-333-622', '1985-04-06'), (90, 'Peter', 'Long', 'brandy82@example.net', '+1-904-832', '403-315-28', '1982-06-24'), (91, 'Yvette', 'Daniels', 'zrussell@example.com', '001-713-64', '001-594-57', '1946-12-30'), (92, 'Michael', 'Yang', 'tasha74@example.net', '3314854469', '658-588-61', '1994-05-24'), (93, 'Kevin', 'Pittman', 'jonathansimmons@example.o', '+1-868-947', '713-789-19', '1967-10-28'), (94, 'Robert', 'Chan', 'lydiafrost@example.net', '(402)474-3', '351.969.52', '1950-03-18'), (95, 'Edward', 'Church', 'deannagardner@example.net', '001-649-21', '652.731.57', '1983-12-06'), (96, 'Logan', 'Stewart', 'kenneth30@example.org', '6834920928', '569.442.38', '1978-08-30'), (97, 'Maria', 'Jenkins', 'brandon07@example.org', '386.886.93', '2032286143', '1990-12-18'), (98, 'Nicole', 'Thomas', 'lhayes@example.com', '001-914-96', '+1-538-208', '1948-07-26'), (99, 'John', 'Patel', 'robertsonstephanie@exampl', '612.599.24', '+1-815-745', '1993-05-11'), (100, 'Charles', 'Christian', 'rrose@example.net', '001-423-58', '439.798.49', '1994-11-19');
INSERT INTO Compra (ID_Compra, ID_Usuario, ID_Ticket, ID_MetodoPago, iva, codigoCompr, fechaCompra) VALUES (1, 60, 273, 3, 0.1, '9c8a4251-f', '2023-09-27'), (2, 100, 117, 4, 0.2, '57b1aa49-8', '2023-10-23'), (3, 34, 190, 1, 0.2, 'd9ddbea3-0', '2024-01-09'), (4, 74, 254, 2, 0.2, '21efa227-f', '2023-11-05'), (5, 79, 265, 5, 0.2, 'dc0f84fd-2', '2023-09-26'), (6, 15, 204, 5, 0.1, '391f83d4-f', '2024-01-17'), (7, 40, 169, 5, 0.2, '914713c0-f', '2024-06-26'), (8, 53, 244, 3, 0.1, 'fe022bf0-2', '2023-12-16'), (9, 44, 57, 3, 0.1, '58fa8cf4-6', '2023-10-22'), (10, 85, 260, 5, 0.2, '58c8eb30-2', '2024-05-30'), (11, 68, 204, 1, 0.1, '919f5b51-d', '2024-02-03'), (12, 95, 100, 4, 0.1, '742c2088-5', '2023-08-09'), (13, 4, 161, 5, 0.1, 'a1ef0e1e-a', '2023-10-31'), (14, 9, 56, 4, 0.1, '6f1150b0-3', '2023-09-21'), (15, 68, 131, 1, 0.1, '31698b71-6', '2024-06-04'), (16, 98, 262, 3, 0.1, 'f1f7d1ba-b', '2024-04-20'), (17, 100, 133, 5, 0.2, '8c190966-5', '2023-07-27'), (18, 17, 280, 3, 0.2, 'ec6f4840-9', '2023-12-07'), (19, 51, 146, 4, 0.2, '4885860b-3', '2024-05-23'), (20, 45, 251, 4, 0.1, 'f610f87b-e', '2023-12-19'), (21, 24, 110, 1, 0.2, '51209150-3', '2023-09-29'), (22, 86, 79, 5, 0.2, '939629c8-f', '2024-05-31'), (23, 86, 167, 5, 0.1, 'ac742124-d', '2024-01-24'), (24, 32, 237, 5, 0.1, '6b3e2e8d-3', '2023-08-24'), (25, 63, 234, 1, 0.2, 'fe6547ca-d', '2023-08-10'), (26, 46, 72, 3, 0.1, '957d64c0-9', '2024-03-03'), (27, 48, 108, 4, 0.2, '4f2a7b81-4', '2024-03-02'), (28, 26, 246, 1, 0.2, '7a147415-2', '2024-06-17'), (29, 31, 181, 4, 0.2, 'aa94676d-7', '2024-01-23'), (30, 45, 17, 3, 0.1, 'f3f77852-b', '2023-08-18'), (31, 81, 172, 5, 0.1, 'a4930344-2', '2024-06-06'), (32, 15, 151, 1, 0.2, '491271d2-1', '2024-06-26'), (33, 13, 11, 2, 0.1, 'e493268d-2', '2024-02-23'), (34, 85, 114, 2, 0.2, 'd1ed4aff-c', '2024-05-24'), (35, 46, 72, 5, 0.2, '8bd26ae0-5', '2023-11-01'), (36, 24, 221, 4, 0.2, 'a4983e5a-3', '2023-10-26'), (37, 29, 32, 4, 0.1, 'd229dfe7-5', '2023-12-02'), (38, 31, 262, 1, 0.2, 'a86c0bd4-1', '2024-01-12'), (39, 87, 173, 5, 0.1, '79e9b012-3', '2023-08-29'), (40, 99, 56, 3, 0.2, '40fdd9e7-0', '2024-05-25'), (41, 52, 13, 3, 0.2, '92ebe019-9', '2023-08-04'), (42, 89, 214, 3, 0.1, '53a9dd27-c', '2024-02-17'), (43, 35, 180, 4, 0.1, '799ed03b-a', '2023-10-26'), (44, 77, 87, 5, 0.1, 'e74ac600-7', '2024-06-15'), (45, 68, 221, 5, 0.2, '0e425507-3', '2023-07-05'), (46, 98, 22, 2, 0.2, 'eb75936e-d', '2023-08-28'), (47, 88, 234, 2, 0.2, 'd6bfe6fd-9', '2023-08-02'), (48, 57, 173, 2, 0.2, '7622b1e7-4', '2023-07-19'), (49, 51, 39, 3, 0.2, 'db450691-e', '2024-06-24'), (50, 47, 54, 5, 0.2, '794af430-b', '2023-08-12'), (51, 59, 13, 4, 0.1, '9e892264-c', '2024-03-14'), (52, 9, 226, 3, 0.1, '62a3e641-a', '2024-04-16'), (53, 21, 219, 4, 0.1, '270fde06-2', '2023-12-10'), (54, 96, 164, 3, 0.1, '914b6f1a-d', '2024-03-09'), (55, 72, 23, 4, 0.1, '89698a5d-b', '2024-06-19'), (56, 45, 254, 3, 0.1, '91718a94-4', '2023-07-23'), (57, 8, 206, 3, 0.2, '07993b48-e', '2023-12-14'), (58, 33, 265, 5, 0.1, '91fde1a4-2', '2023-08-21'), (59, 75, 214, 2, 0.2, 'ab475cf4-c', '2024-02-01'), (60, 15, 294, 2, 0.1, '0ae7d934-3', '2024-02-29'), (61, 43, 250, 4, 0.1, 'fc8733b2-7', '2023-09-02'), (62, 84, 123, 5, 0.2, 'b3de2c47-2', '2023-09-18'), (63, 67, 85, 2, 0.2, '914aed69-5', '2023-11-18'), (64, 88, 61, 3, 0.1, '4cc05267-a', '2023-10-24'), (65, 97, 293, 5, 0.1, '4ed68e78-e', '2024-03-17'), (66, 20, 103, 3, 0.2, 'a37ee4c9-d', '2024-03-14'), (67, 5, 219, 4, 0.1, '0f738fb9-1', '2023-07-16'), (68, 21, 44, 5, 0.2, '6d313268-2', '2023-07-13'), (69, 2, 235, 3, 0.2, 'cbd98c53-2', '2024-06-11'), (70, 82, 141, 3, 0.2, '46015c6d-a', '2023-09-01'), (71, 33, 271, 3, 0.2, '99a90dcf-e', '2023-09-07'), (72, 72, 225, 1, 0.2, '6bf84b2c-f', '2023-11-11'), (73, 13, 293, 2, 0.2, '0d6b2422-0', '2024-06-07'), (74, 65, 135, 3, 0.1, '6457b8a7-3', '2024-05-15'), (75, 43, 202, 4, 0.1, 'd9d546ff-2', '2023-10-10'), (76, 84, 182, 4, 0.2, '3b73ac5e-6', '2023-11-08'), (77, 15, 65, 2, 0.1, 'd1f3e45d-6', '2024-01-12'), (78, 31, 258, 5, 0.2, '94bf44f2-4', '2023-09-09'), (79, 84, 186, 1, 0.2, '4e2bc034-c', '2023-09-18'), (80, 77, 265, 5, 0.2, '07098f12-c', '2023-09-24'), (81, 87, 164, 4, 0.1, '0a75f067-4', '2023-10-25'), (82, 8, 138, 3, 0.1, '929776d4-f', '2024-03-16'), (83, 99, 204, 2, 0.2, '07d55392-6', '2024-04-23'), (84, 29, 144, 2, 0.1, '5bdfb439-5', '2023-10-08'), (85, 2, 209, 5, 0.1, 'deac3fa0-f', '2023-10-24'), (86, 23, 167, 3, 0.1, '626e0082-0', '2023-07-06'), (87, 2, 259, 2, 0.1, 'b9564508-4', '2023-11-01'), (88, 87, 51, 5, 0.1, '2073b381-6', '2023-11-14'), (89, 30, 141, 2, 0.1, 'e0b17e7d-a', '2024-03-06'), (90, 36, 251, 2, 0.2, 'c7002dbb-2', '2023-08-19'), (91, 59, 23, 2, 0.2, 'e8312930-2', '2023-07-08'), (92, 80, 88, 2, 0.2, '99ef44a2-2', '2023-12-12'), (93, 26, 55, 5, 0.2, '71fbf271-7', '2023-12-29'), (94, 98, 35, 3, 0.1, '9109a26f-f', '2023-10-09'), (95, 72, 87, 1, 0.2, 'baebe954-4', '2024-01-22'), (96, 11, 94, 2, 0.1, 'ad21c05c-9', '2023-12-05'), (97, 71, 114, 1, 0.1, '6aff8727-6', '2023-09-26'), (98, 61, 35, 1, 0.2, 'b338422b-5', '2023-10-13'), (99, 20, 171, 5, 0.2, '951e9f7a-b', '2023-07-09'), (100, 49, 276, 5, 0.1, 'ffacfc5c-2', '2023-09-19'), (101, 83, 31, 3, 0.1, 'e6cfe5bf-e', '2023-11-24'), (102, 6, 152, 1, 0.2, '795c4478-f', '2024-05-25'), (103, 76, 200, 1, 0.2, 'cab43ae8-5', '2024-05-23'), (104, 71, 290, 1, 0.2, 'f71cf060-9', '2024-05-08'), (105, 6, 192, 4, 0.1, '52f0f793-c', '2024-04-06'), (106, 15, 108, 2, 0.1, 'cf3eee25-5', '2023-07-20'), (107, 62, 70, 2, 0.1, 'd847481f-f', '2023-12-12'), (108, 14, 47, 5, 0.1, '3243f1cd-7', '2024-03-02'), (109, 88, 153, 5, 0.1, '23b90f4f-f', '2024-04-11'), (110, 9, 243, 1, 0.2, '7fcb821a-8', '2024-05-20'), (111, 32, 165, 3, 0.2, 'f9651cf7-7', '2023-08-12'), (112, 68, 122, 2, 0.2, 'b61e4ab1-2', '2024-02-21'), (113, 42, 174, 1, 0.2, 'b69be731-d', '2024-05-14'), (114, 17, 21, 2, 0.2, '2b431b50-f', '2024-03-20'), (115, 8, 295, 5, 0.2, '4bd5c129-d', '2024-04-02'), (116, 61, 178, 1, 0.1, 'b2b9a0db-3', '2023-12-04'), (117, 82, 10, 5, 0.2, '66b1f17e-1', '2023-07-08'), (118, 92, 64, 5, 0.1, '828a5f2d-f', '2024-03-15'), (119, 70, 71, 1, 0.1, '83e2acfa-5', '2024-06-30'), (120, 5, 171, 3, 0.1, 'beaa3a5b-8', '2023-08-20'), (121, 90, 248, 2, 0.1, 'b9a5b854-3', '2024-01-21'), (122, 22, 121, 3, 0.2, '1a3abfdc-e', '2024-03-16'), (123, 75, 90, 1, 0.1, '5400b724-d', '2024-03-19'), (124, 96, 75, 5, 0.1, '6f4e7718-0', '2024-01-30'), (125, 38, 296, 4, 0.1, '8dcd04b4-5', '2023-11-10'), (126, 3, 125, 4, 0.2, '6b489d8b-2', '2024-01-21'), (127, 83, 47, 5, 0.2, 'd3e79526-0', '2024-01-11'), (128, 41, 244, 4, 0.2, 'bdb07cd1-7', '2024-04-05'), (129, 11, 8, 2, 0.1, '45671d56-8', '2024-05-01'), (130, 92, 84, 3, 0.2, 'febaa9b5-4', '2023-10-31'), (131, 81, 99, 3, 0.1, '88d27372-b', '2023-09-24'), (132, 32, 184, 4, 0.2, '8cbd0d64-d', '2024-05-06'), (133, 98, 133, 2, 0.1, '647debc7-e', '2023-12-16'), (134, 44, 127, 4, 0.1, '8ac11827-7', '2023-10-03'), (135, 4, 176, 2, 0.2, '5c59de11-0', '2023-10-10'), (136, 19, 165, 3, 0.1, 'ec5b6b1f-1', '2023-12-16'), (137, 46, 147, 1, 0.2, '2ae34ba9-9', '2023-12-01'), (138, 88, 236, 3, 0.1, 'b6d0dcd3-0', '2024-03-09'), (139, 86, 296, 2, 0.2, '9800e663-9', '2023-10-02'), (140, 17, 103, 4, 0.2, 'f126806d-d', '2023-10-12'), (141, 8, 123, 1, 0.1, 'b814e388-f', '2023-11-09'), (142, 19, 40, 3, 0.2, '02501e8c-1', '2024-05-03'), (143, 42, 31, 4, 0.1, '868d84dd-b', '2024-06-24'), (144, 42, 273, 3, 0.2, 'c5525ef6-2', '2024-04-25'), (145, 74, 103, 2, 0.1, '6e05797b-f', '2023-12-14'), (146, 30, 152, 3, 0.2, 'edeaed70-9', '2023-11-08'), (147, 37, 41, 2, 0.1, 'd9a0706e-4', '2024-04-17'), (148, 1, 89, 3, 0.2, 'd9317d65-2', '2023-09-13'), (149, 78, 271, 2, 0.2, '6e47ceae-0', '2023-09-16'), (150, 74, 119, 1, 0.2, '25ea81d4-a', '2023-10-12'), (151, 45, 227, 4, 0.2, 'e5f1e1b8-7', '2023-11-05'), (152, 67, 142, 4, 0.2, '59cb6099-2', '2023-12-19'), (153, 8, 140, 5, 0.1, '5fcae96e-d', '2024-05-18'), (154, 90, 183, 5, 0.1, 'dbfff97e-8', '2023-08-28'), (155, 83, 280, 4, 0.1, '60890a98-3', '2023-10-09'), (156, 42, 182, 2, 0.2, 'c51ec176-f', '2023-12-31'), (157, 77, 184, 1, 0.2, '0de0619f-6', '2023-12-26'), (158, 94, 194, 5, 0.1, '32d1cd37-d', '2023-07-26'), (159, 81, 254, 4, 0.1, '2c11db46-7', '2023-11-04'), (160, 17, 66, 5, 0.2, 'f897e70d-1', '2023-09-08'), (161, 51, 275, 5, 0.1, '56028d09-1', '2023-10-13'), (162, 43, 38, 4, 0.2, 'e1a1154c-a', '2024-03-02'), (163, 62, 268, 2, 0.1, 'abd3f9f1-c', '2023-07-20'), (164, 85, 266, 4, 0.2, 'd316e37c-4', '2023-12-05'), (165, 91, 208, 2, 0.1, 'ceadb5b2-3', '2023-08-10'), (166, 57, 46, 4, 0.2, 'bfa087f2-f', '2024-03-18'), (167, 94, 173, 4, 0.2, '53a9575c-4', '2024-02-19'), (168, 23, 112, 2, 0.1, 'db896e94-c', '2024-02-24'), (169, 84, 70, 5, 0.2, '254e5fc0-1', '2023-09-04'), (170, 82, 116, 4, 0.1, '8c17cc6c-6', '2023-08-05'), (171, 56, 260, 3, 0.1, 'c25eed0d-5', '2023-07-30'), (172, 47, 81, 3, 0.1, 'a9727897-d', '2024-03-02'), (173, 87, 133, 4, 0.1, '7a0a55d4-6', '2024-04-27'), (174, 27, 54, 3, 0.1, '6206c8f8-3', '2024-03-20'), (175, 11, 165, 4, 0.1, '1bb58a84-0', '2024-04-16'), (176, 76, 246, 5, 0.1, 'e9aa12ac-f', '2023-10-02'), (177, 52, 68, 2, 0.2, 'abc5e0fc-5', '2024-04-14'), (178, 12, 93, 4, 0.1, '0ee0299b-5', '2023-10-20'), (179, 13, 76, 4, 0.1, '63b8962b-e', '2023-11-08'), (180, 72, 33, 3, 0.2, '81cbd5b4-e', '2023-07-30'), (181, 61, 262, 5, 0.2, '176e9b98-4', '2023-11-24'), (182, 71, 107, 5, 0.2, '148d8b03-c', '2023-09-25'), (183, 33, 169, 5, 0.1, 'f2f4f71a-0', '2023-11-11'), (184, 61, 289, 5, 0.2, 'e957aef4-b', '2023-12-26'), (185, 74, 137, 3, 0.2, 'c9e5a840-6', '2023-09-07'), (186, 35, 14, 4, 0.2, '899c26de-6', '2024-03-14'), (187, 85, 92, 3, 0.1, 'ddca861c-6', '2023-10-07'), (188, 42, 240, 2, 0.2, '6c36df40-a', '2023-12-21'), (189, 92, 167, 5, 0.1, 'ba7e1388-f', '2024-01-23'), (190, 82, 133, 1, 0.2, 'b38fd630-3', '2024-06-05'), (191, 25, 215, 5, 0.2, '7597ebd0-7', '2024-05-13'), (192, 95, 169, 4, 0.2, '3dbe813e-4', '2024-01-31'), (193, 86, 280, 3, 0.2, '89ebce52-5', '2023-09-30'), (194, 20, 229, 2, 0.2, 'bfcf42e3-c', '2024-04-08'), (195, 67, 55, 3, 0.1, '763a1160-e', '2024-01-24'), (196, 45, 236, 5, 0.2, '9fb97141-0', '2024-01-31'), (197, 23, 100, 4, 0.1, '118c4621-a', '2023-07-05'), (198, 8, 124, 4, 0.1, 'c334b446-1', '2024-04-26'), (199, 65, 180, 1, 0.1, '2dce2825-2', '2024-05-03'), (200, 58, 279, 1, 0.2, '8d85e09d-3', '2023-12-18'), (201, 90, 246, 3, 0.1, '105a4c27-b', '2023-11-03'), (202, 29, 106, 1, 0.1, '91a6f9f1-9', '2023-11-17'), (203, 35, 187, 4, 0.2, '8917cbbe-3', '2023-08-15'), (204, 37, 35, 1, 0.2, 'c6864101-8', '2024-03-08'), (205, 43, 197, 5, 0.1, '4df99b6c-f', '2024-01-24'), (206, 19, 209, 2, 0.2, 'bf36733f-c', '2024-05-10'), (207, 44, 243, 3, 0.2, '234af704-9', '2023-10-14'), (208, 58, 116, 5, 0.1, '08fc366a-f', '2024-03-30'), (209, 76, 245, 3, 0.1, 'bbf56a2e-f', '2023-09-11'), (210, 86, 234, 1, 0.1, '3aae5201-8', '2023-11-09'), (211, 44, 216, 1, 0.1, 'f5836756-c', '2023-08-31'), (212, 5, 6, 4, 0.1, 'fd21235c-7', '2024-01-27'), (213, 85, 265, 2, 0.1, '288e97fb-9', '2023-12-22'), (214, 69, 108, 5, 0.1, '62b28fc2-9', '2023-08-08'), (215, 53, 267, 4, 0.2, '8c1397d5-d', '2024-03-31'), (216, 69, 278, 3, 0.2, 'c319198c-d', '2023-11-16'), (217, 20, 87, 2, 0.2, '15723437-0', '2024-02-26'), (218, 98, 115, 3, 0.2, '54634c69-8', '2023-07-27'), (219, 72, 225, 1, 0.2, 'ddc95f7b-f', '2023-07-15'), (220, 25, 270, 1, 0.2, '4eaca764-e', '2024-04-15'), (221, 30, 174, 4, 0.2, 'a6a1156d-7', '2023-07-17'), (222, 18, 215, 4, 0.1, '5a6bdd6e-e', '2024-02-27'), (223, 47, 11, 2, 0.1, '751a8040-d', '2023-12-21'), (224, 78, 145, 1, 0.1, '9114a48a-6', '2023-11-01'), (225, 97, 289, 5, 0.2, 'c65f1bd7-3', '2023-10-06'), (226, 55, 101, 3, 0.2, '03e5a98c-3', '2024-01-09'), (227, 8, 207, 5, 0.1, 'b9577907-1', '2024-01-03'), (228, 55, 258, 2, 0.1, 'cfcad58c-9', '2024-05-21'), (229, 86, 159, 1, 0.1, '05ae9faf-6', '2023-07-27'), (230, 24, 296, 2, 0.2, 'd77df66e-a', '2024-04-08'), (231, 36, 97, 2, 0.2, '2074a829-5', '2024-04-13'), (232, 1, 2, 5, 0.1, '56f483fd-f', '2023-09-02'), (233, 75, 2, 3, 0.2, 'd61adb43-6', '2023-08-28'), (234, 1, 104, 1, 0.1, '40f0bc7b-7', '2023-10-01'), (235, 22, 263, 4, 0.2, 'd0064917-c', '2023-07-21'), (236, 52, 132, 1, 0.1, '036a0fe3-0', '2024-02-14'), (237, 60, 215, 2, 0.1, '65474ab6-f', '2023-08-11'), (238, 34, 232, 5, 0.2, 'aa27aca4-0', '2023-10-19'), (239, 12, 125, 3, 0.2, '2081e9d4-a', '2024-02-03'), (240, 29, 256, 5, 0.2, 'c50caeed-2', '2023-11-09'), (241, 44, 283, 2, 0.1, '33ce3ba9-4', '2023-10-02'), (242, 37, 84, 3, 0.2, '6308608f-b', '2024-06-30'), (243, 48, 211, 3, 0.1, '33819b38-7', '2024-01-24'), (244, 81, 164, 2, 0.2, 'bffac015-8', '2023-12-19'), (245, 7, 44, 3, 0.2, 'afa50ac2-3', '2023-07-09'), (246, 2, 195, 2, 0.2, 'be2f650a-c', '2024-06-26'), (247, 20, 249, 2, 0.2, 'f0d68a03-c', '2023-09-22'), (248, 82, 45, 3, 0.1, '82144162-5', '2023-11-03'), (249, 77, 70, 1, 0.1, 'fcfed5ac-0', '2023-07-24'), (250, 71, 70, 2, 0.2, 'e7d15c02-e', '2023-07-23'), (251, 84, 221, 4, 0.1, '53e2ac23-a', '2024-04-29'), (252, 96, 283, 5, 0.1, 'bbc5ad3c-9', '2023-07-08'), (253, 94, 185, 4, 0.2, 'c5a62205-f', '2023-11-27'), (254, 90, 139, 4, 0.1, '49d842d3-6', '2023-11-23'), (255, 45, 253, 5, 0.1, 'fba2c5a7-2', '2023-08-14'), (256, 2, 216, 3, 0.2, '57d6ee52-d', '2023-10-24'), (257, 34, 131, 1, 0.2, '63413336-b', '2023-11-14'), (258, 74, 262, 3, 0.1, '0ba3fff9-1', '2024-05-26'), (259, 5, 243, 2, 0.2, '79de4145-d', '2024-05-07'), (260, 80, 48, 5, 0.2, 'df2e07e4-f', '2024-04-21'), (261, 29, 248, 1, 0.1, 'bcc9efb2-b', '2023-07-29'), (262, 69, 74, 2, 0.1, '0c38356c-f', '2023-11-30'), (263, 85, 206, 5, 0.1, 'f90e5192-5', '2024-04-28'), (264, 18, 133, 2, 0.1, 'd6445bbc-1', '2024-05-22'), (265, 57, 249, 1, 0.1, 'ab1aa858-6', '2023-07-08'), (266, 3, 202, 3, 0.1, 'acdb298f-8', '2024-04-03'), (267, 17, 125, 5, 0.2, '7d6e10c7-a', '2024-03-04'), (268, 43, 213, 5, 0.1, 'a5fc4995-7', '2023-12-22'), (269, 90, 271, 2, 0.1, 'f4d51f36-4', '2024-02-19'), (270, 52, 81, 2, 0.1, 'e5983a68-7', '2023-07-06'), (271, 26, 265, 3, 0.2, '226f7924-a', '2024-06-08'), (272, 24, 178, 1, 0.1, '43b4889b-8', '2024-04-07'), (273, 24, 140, 3, 0.2, 'f508f489-4', '2024-05-15'), (274, 22, 274, 2, 0.1, 'eccdf830-6', '2023-10-11'), (275, 94, 173, 1, 0.2, '211f32fa-6', '2024-01-18'), (276, 55, 203, 1, 0.1, 'aa159fd4-4', '2023-09-03'), (277, 23, 70, 3, 0.1, 'b52de387-6', '2023-10-22'), (278, 65, 240, 4, 0.2, 'a517f0c8-9', '2024-06-15'), (279, 96, 180, 2, 0.2, '08dcb6d4-b', '2023-12-26'), (280, 58, 51, 5, 0.1, '9b20e9da-6', '2023-12-22'), (281, 53, 248, 1, 0.2, '1bf10bb5-4', '2023-07-03'), (282, 10, 244, 2, 0.2, '46e5167a-1', '2023-12-27'), (283, 59, 231, 5, 0.1, '35f59954-0', '2023-08-24'), (284, 37, 238, 4, 0.2, '51dc3785-6', '2024-06-21'), (285, 19, 162, 4, 0.1, '9ab88b06-5', '2024-02-11'), (286, 75, 4, 2, 0.2, '9d53a6f0-9', '2023-09-26'), (287, 62, 61, 5, 0.1, '56440eb3-2', '2024-05-28'), (288, 27, 11, 1, 0.2, 'd964565d-2', '2024-02-04'), (289, 58, 160, 2, 0.1, 'd2986b4a-3', '2024-03-25'), (290, 40, 243, 5, 0.2, 'e02787bf-2', '2024-01-13'), (291, 26, 253, 5, 0.1, '9de0998c-e', '2023-11-17'), (292, 51, 276, 1, 0.1, '8d44b88f-5', '2023-07-27'), (293, 42, 167, 2, 0.2, '86c3fa28-1', '2023-08-04'), (294, 11, 180, 5, 0.2, 'ebfc0cba-0', '2023-11-13'), (295, 18, 15, 1, 0.1, '1e2cdd99-0', '2023-09-16'), (296, 3, 94, 1, 0.1, '59b9e516-a', '2023-10-17'), (297, 73, 182, 1, 0.1, '8bad651e-5', '2024-06-30'), (298, 78, 261, 2, 0.2, '9778f2e1-c', '2024-04-02'), (299, 87, 161, 4, 0.1, '4bde8b16-a', '2024-01-04'), (300, 2, 236, 3, 0.2, 'b833818d-1', '2024-03-28'), (301, 74, 257, 3, 0.1, '543a5b71-4', '2023-09-03'), (302, 28, 212, 1, 0.2, 'c49287c2-e', '2024-06-15'), (303, 80, 225, 3, 0.2, '7639c441-5', '2024-01-15'), (304, 40, 35, 2, 0.1, 'a5ded63e-0', '2024-04-17'), (305, 62, 104, 3, 0.2, '276e8a7f-2', '2023-10-05'), (306, 37, 172, 5, 0.1, 'a1d6fc1c-8', '2023-08-22'), (307, 76, 76, 3, 0.2, '6ad6c1ae-2', '2023-07-07'), (308, 26, 294, 5, 0.1, '3a6dd311-a', '2023-09-20'), (309, 100, 291, 5, 0.2, 'ca3fd9ba-d', '2023-07-20'), (310, 70, 270, 3, 0.2, 'ad16c3d9-2', '2024-05-30'), (311, 74, 146, 3, 0.2, '3da4e627-1', '2024-04-08'), (312, 46, 277, 4, 0.1, 'b576f015-f', '2023-10-20'), (313, 50, 147, 5, 0.2, '10f34576-c', '2023-07-06'), (314, 36, 253, 3, 0.2, '55ebe513-c', '2024-01-27'), (315, 97, 115, 3, 0.2, 'a0c5adb8-5', '2024-02-28'), (316, 90, 139, 1, 0.1, '0bcc22be-c', '2023-10-09'), (317, 60, 213, 2, 0.1, 'e5f704d2-b', '2024-06-07'), (318, 93, 53, 3, 0.2, 'af4b7c92-c', '2023-12-30'), (319, 59, 258, 5, 0.1, '98a726ad-0', '2023-10-03'), (320, 41, 4, 5, 0.2, '46d85cf3-6', '2023-11-06'), (321, 52, 281, 3, 0.2, '0df65460-c', '2024-06-04'), (322, 68, 55, 3, 0.1, 'fe1d58db-0', '2024-05-13'), (323, 59, 272, 1, 0.2, 'cca88002-b', '2023-09-20'), (324, 33, 213, 3, 0.1, 'cc3523ef-3', '2023-09-25'), (325, 3, 168, 4, 0.1, '5c171a93-a', '2024-05-20'), (326, 18, 107, 3, 0.2, 'd6dbfa1e-6', '2023-11-03'), (327, 72, 241, 3, 0.1, 'd108c742-b', '2024-04-16'), (328, 39, 135, 1, 0.2, '6e1ad0f4-d', '2023-09-25'), (329, 86, 214, 5, 0.1, 'beb8cd5f-4', '2023-10-26'), (330, 93, 66, 2, 0.1, 'b8fc1bb9-4', '2024-03-01'), (331, 9, 202, 2, 0.2, 'eed39287-b', '2023-12-22'), (332, 42, 154, 2, 0.1, '5d5b176f-d', '2024-01-14'), (333, 92, 300, 2, 0.1, 'de3d908b-c', '2024-03-04'), (334, 24, 239, 2, 0.1, '54b80bc5-c', '2023-12-10'), (335, 26, 88, 4, 0.2, '12bfe056-d', '2024-03-27'), (336, 73, 87, 1, 0.2, '89f0fffe-f', '2023-09-19'), (337, 93, 273, 3, 0.1, '45fbf31e-2', '2024-02-16'), (338, 32, 35, 3, 0.2, '3120d32a-b', '2023-11-02'), (339, 95, 25, 2, 0.1, '1a098c3d-8', '2024-06-17'), (340, 29, 27, 3, 0.1, '6871edfd-7', '2023-07-18'), (341, 25, 49, 4, 0.1, 'bdf18787-4', '2024-02-20'), (342, 37, 24, 4, 0.1, '0e1d5832-b', '2023-11-04'), (343, 16, 133, 2, 0.2, '632caea5-0', '2024-02-04'), (344, 6, 18, 1, 0.1, '6990ecbd-0', '2023-08-17'), (345, 42, 101, 3, 0.2, '56918e1c-9', '2023-08-24'), (346, 96, 2, 3, 0.2, '7b82d909-4', '2024-06-05'), (347, 52, 89, 3, 0.2, '9e03946e-3', '2023-10-15'), (348, 85, 6, 5, 0.1, '3271a37f-1', '2023-07-11'), (349, 79, 212, 2, 0.1, 'c78cd375-c', '2024-01-23'), (350, 84, 185, 2, 0.1, '39ca0c61-1', '2023-08-31'), (351, 27, 63, 1, 0.1, '6aed3dc9-6', '2024-03-19'), (352, 93, 30, 5, 0.2, '328bb1f6-5', '2024-02-15'), (353, 16, 221, 2, 0.1, '391b3e9a-7', '2023-09-21'), (354, 16, 99, 4, 0.1, 'e00cf9f6-2', '2023-10-04'), (355, 9, 254, 3, 0.2, 'c8a7b331-4', '2023-08-17'), (356, 38, 46, 3, 0.1, '14a9f06a-2', '2023-07-05'), (357, 66, 65, 4, 0.2, '317704fd-b', '2023-11-02'), (358, 100, 32, 1, 0.1, 'a791536b-f', '2023-12-25'), (359, 95, 211, 2, 0.1, '1f1a13a1-a', '2024-04-16'), (360, 66, 138, 5, 0.1, '12cc674b-f', '2024-06-08'), (361, 65, 191, 5, 0.2, '6e340737-8', '2023-10-14'), (362, 69, 276, 3, 0.1, '5570bfe8-3', '2024-03-07'), (363, 13, 144, 3, 0.1, '1ff0d844-6', '2023-09-05'), (364, 84, 119, 2, 0.2, '10758ece-8', '2023-10-11'), (365, 90, 112, 1, 0.1, '6b251ce4-8', '2024-05-22'), (366, 18, 270, 3, 0.1, '8615f8a4-2', '2023-10-25'), (367, 32, 52, 1, 0.1, 'a04af696-5', '2023-07-04'), (368, 11, 136, 5, 0.1, 'd2e78eea-7', '2023-10-18'), (369, 43, 252, 4, 0.1, 'c7940f9f-d', '2023-11-04'), (370, 65, 120, 5, 0.1, 'c4c1077f-8', '2023-07-18'), (371, 60, 241, 2, 0.1, '54f0a8b9-3', '2024-05-12'), (372, 49, 29, 5, 0.2, '73947289-5', '2024-01-08'), (373, 28, 185, 4, 0.1, '7f707f9b-f', '2024-04-28'), (374, 8, 299, 5, 0.2, 'a52e5b3b-2', '2023-11-13'), (375, 49, 180, 4, 0.2, '6629c2f9-6', '2024-07-01'), (376, 59, 130, 5, 0.1, '53e8bfe6-b', '2023-08-10'), (377, 13, 283, 2, 0.1, '710522e2-1', '2023-10-20'), (378, 25, 103, 2, 0.2, 'f199886d-f', '2023-08-08'), (379, 66, 62, 3, 0.1, 'd98d015d-1', '2023-08-14'), (380, 92, 58, 2, 0.1, '69649886-0', '2023-08-10'), (381, 50, 59, 2, 0.1, '661576a0-0', '2024-03-08'), (382, 50, 280, 3, 0.1, '8fccbb3d-c', '2023-08-24'), (383, 55, 273, 4, 0.1, '3bfe90c1-0', '2023-11-06'), (384, 72, 187, 5, 0.2, '5aaeaca6-4', '2024-04-29'), (385, 69, 266, 4, 0.2, '7ff6bdb4-a', '2024-01-02'), (386, 22, 99, 1, 0.1, 'e129d504-c', '2024-02-21'), (387, 93, 25, 2, 0.1, '1d12ffbd-d', '2023-12-18'), (388, 50, 111, 1, 0.2, 'b3dfe799-c', '2024-06-09'), (389, 36, 52, 4, 0.2, '95c0857a-a', '2023-09-06'), (390, 52, 203, 4, 0.1, 'dfea45b2-4', '2024-01-12'), (391, 69, 94, 5, 0.1, 'bd378fa1-b', '2024-06-30'), (392, 39, 160, 2, 0.1, 'd184dda4-9', '2023-07-29'), (393, 53, 297, 1, 0.1, '8a6bb04a-e', '2024-01-20'), (394, 42, 133, 1, 0.2, 'e933d208-1', '2023-12-06'), (395, 75, 268, 2, 0.1, '9cef8fe0-e', '2023-11-12'), (396, 52, 225, 4, 0.2, '21b4b30b-9', '2024-01-16'), (397, 73, 114, 1, 0.2, '928abc61-f', '2023-09-28'), (398, 8, 104, 4, 0.1, '9085336f-8', '2024-04-05'), (399, 11, 32, 3, 0.2, 'b61c3e4b-a', '2024-04-24'), (400, 43, 259, 4, 0.2, '73630483-d', '2024-01-01'), (401, 77, 163, 2, 0.1, '9f009701-0', '2024-01-29'), (402, 43, 132, 5, 0.1, '385962b6-a', '2024-02-01'), (403, 88, 221, 1, 0.1, '2591fefe-9', '2024-04-23'), (404, 22, 5, 5, 0.1, '3ee312be-7', '2024-01-11'), (405, 45, 97, 3, 0.2, 'e5a55e04-b', '2023-07-30'), (406, 84, 214, 4, 0.2, '40cac7d4-f', '2024-04-03'), (407, 7, 160, 4, 0.1, 'f3634ef6-5', '2024-01-18'), (408, 84, 221, 5, 0.1, '8f757852-6', '2023-08-09'), (409, 65, 250, 5, 0.1, '3745eca0-7', '2023-09-11'), (410, 52, 205, 1, 0.1, '8fc02f3d-f', '2023-12-11'), (411, 41, 223, 1, 0.1, 'd06e91a4-d', '2024-05-12'), (412, 95, 60, 1, 0.2, '8cf6b774-d', '2023-08-04'), (413, 17, 70, 1, 0.2, '378339ad-8', '2023-09-27'), (414, 59, 68, 3, 0.1, '96db474a-e', '2023-08-31'), (415, 47, 216, 2, 0.1, '02f17b27-c', '2024-02-26'), (416, 85, 233, 1, 0.2, '367bff1e-6', '2024-01-20'), (417, 58, 194, 4, 0.1, 'e581c8c5-9', '2023-12-25'), (418, 96, 131, 5, 0.2, 'a3656e37-d', '2023-11-17'), (419, 29, 123, 4, 0.2, '6fb8950e-f', '2023-12-26'), (420, 7, 41, 5, 0.2, '56e600a9-9', '2023-07-18'), (421, 23, 37, 1, 0.1, '8a0a1562-3', '2023-07-22'), (422, 73, 295, 5, 0.1, '050f3241-3', '2024-06-05'), (423, 23, 11, 5, 0.1, '4db97992-d', '2023-09-10'), (424, 24, 263, 3, 0.2, '4c843e31-0', '2023-09-13'), (425, 78, 52, 4, 0.1, '928ca219-1', '2023-09-26'), (426, 62, 282, 3, 0.1, 'db888543-2', '2024-04-29'), (427, 79, 156, 5, 0.2, '33bc101f-4', '2024-03-06'), (428, 37, 246, 3, 0.1, '54df745c-b', '2023-11-29'), (429, 5, 41, 5, 0.1, 'acc945d6-f', '2024-01-08'), (430, 93, 282, 4, 0.2, '2b70904d-6', '2024-03-29'), (431, 97, 75, 4, 0.1, '4c50afce-c', '2024-01-01'), (432, 44, 195, 1, 0.2, 'e5b6e6c7-c', '2023-12-19'), (433, 61, 244, 1, 0.2, 'd73ba1b7-0', '2024-05-15'), (434, 6, 80, 5, 0.1, 'd99d1b8f-5', '2024-04-14'), (435, 70, 110, 1, 0.1, '286387b5-4', '2024-04-16'), (436, 56, 37, 4, 0.1, '0284040c-2', '2024-01-10'), (437, 86, 207, 3, 0.2, 'aa4589a2-5', '2024-04-05'), (438, 65, 46, 3, 0.1, '8442f214-e', '2024-02-15'), (439, 18, 262, 5, 0.2, '9c5f3b97-c', '2023-07-30'), (440, 33, 140, 4, 0.2, '90e57485-7', '2023-08-09'), (441, 10, 171, 3, 0.2, '7b05ae17-c', '2023-10-01'), (442, 88, 33, 1, 0.1, '580f476b-1', '2023-11-27'), (443, 70, 216, 4, 0.1, '84d5ebbf-f', '2024-05-31'), (444, 82, 32, 4, 0.2, '819547c5-0', '2024-03-06'), (445, 69, 201, 3, 0.1, 'e27639e9-5', '2024-01-10'), (446, 9, 70, 1, 0.1, '16f2dbe4-4', '2023-11-13'), (447, 85, 73, 2, 0.2, '1d8311b6-6', '2024-04-25'), (448, 58, 162, 5, 0.2, '92f58dea-f', '2024-06-19'), (449, 13, 20, 5, 0.1, '4244b9f7-c', '2024-03-23'), (450, 40, 45, 1, 0.2, 'f452586a-c', '2024-05-30'), (451, 33, 26, 3, 0.2, '68f42b44-d', '2024-06-07'), (452, 78, 209, 1, 0.1, '175c4e79-a', '2024-05-09'), (453, 76, 123, 3, 0.2, '3e1423ac-f', '2024-01-19'), (454, 69, 13, 5, 0.1, '35584b63-d', '2023-11-22'), (455, 5, 47, 2, 0.1, '19299a37-9', '2023-08-18'), (456, 95, 262, 5, 0.1, 'e7889e0a-3', '2023-09-12'), (457, 69, 47, 5, 0.1, 'fb5de4e1-c', '2023-12-15'), (458, 93, 32, 2, 0.2, '2da7776d-f', '2024-01-15'), (459, 70, 276, 4, 0.1, 'ff914f25-9', '2023-12-08'), (460, 26, 170, 4, 0.1, '4a7833ca-5', '2023-11-02'), (461, 45, 138, 2, 0.1, 'f5ba48a5-6', '2023-10-11'), (462, 11, 292, 5, 0.2, 'd4aad0f9-0', '2024-01-25'), (463, 33, 283, 3, 0.1, 'b62829f5-9', '2024-05-26'), (464, 16, 172, 2, 0.2, '4d3ec7ed-7', '2024-03-15'), (465, 28, 61, 5, 0.1, '79d57ce4-9', '2023-08-09'), (466, 63, 128, 2, 0.1, '2fdd447c-b', '2024-01-25'), (467, 64, 75, 3, 0.2, '3ee4c1aa-2', '2023-08-08'), (468, 91, 145, 4, 0.2, 'c6058a61-b', '2024-02-04'), (469, 20, 84, 3, 0.2, '79c7677e-a', '2024-05-15'), (470, 16, 166, 1, 0.2, 'cf22c425-8', '2024-03-04'), (471, 7, 67, 4, 0.1, '52f58f34-6', '2024-07-01'), (472, 66, 32, 5, 0.2, '9561285e-a', '2023-09-10'), (473, 60, 117, 1, 0.2, '64b7aeb9-9', '2024-01-27'), (474, 93, 142, 5, 0.2, '639da7b6-5', '2024-01-27'), (475, 2, 115, 5, 0.2, 'a44efb2d-3', '2024-02-21'), (476, 59, 139, 3, 0.1, '7af390be-9', '2024-03-26'), (477, 84, 30, 2, 0.2, 'bf18f7af-f', '2023-07-29'), (478, 91, 12, 1, 0.2, '524e130f-a', '2024-01-25'), (479, 59, 134, 2, 0.1, 'c18a6c22-b', '2023-07-03'), (480, 51, 2, 3, 0.1, '0af3a75c-d', '2023-12-16'), (481, 52, 259, 2, 0.2, '832d1aac-1', '2024-05-24'), (482, 6, 86, 3, 0.1, '0981da0a-a', '2024-01-18'), (483, 13, 222, 1, 0.1, '1c92d8ec-8', '2023-11-03'), (484, 82, 99, 2, 0.1, '162ad860-1', '2024-01-25'), (485, 76, 72, 5, 0.2, '2a3505f6-a', '2024-01-11'), (486, 95, 112, 4, 0.1, '987f79b0-2', '2024-04-17'), (487, 22, 155, 1, 0.2, 'e29cd3cf-6', '2023-10-25'), (488, 40, 66, 3, 0.2, '7f5034b1-f', '2024-05-07'), (489, 65, 222, 5, 0.2, 'd8378786-8', '2023-08-13'), (490, 33, 168, 3, 0.2, '9b1f8933-8', '2023-12-07'), (491, 13, 248, 4, 0.1, '2a1626d3-f', '2023-09-23'), (492, 31, 285, 1, 0.2, 'b5d9d8ba-5', '2024-01-31'), (493, 40, 292, 5, 0.1, 'aa831242-8', '2023-11-04'), (494, 40, 34, 3, 0.2, '858b3514-4', '2024-05-19'), (495, 44, 182, 3, 0.1, '056fdbbc-a', '2024-02-16'), (496, 29, 280, 3, 0.2, '4b3dbc14-1', '2023-12-16'), (497, 28, 96, 5, 0.2, '0694754c-9', '2023-11-01'), (498, 65, 113, 5, 0.1, '42479570-f', '2024-06-02'), (499, 35, 246, 1, 0.1, 'e49fe34c-6', '2023-08-29'), (500, 50, 175, 1, 0.1, 'fd9253de-0', '2024-02-17');
